"","X.1","X","CASE","SERIAL","REF","QUESTNNR","MODE","STARTED","CO01_01","CO02_01","CO03_01","CO04_01","CO05_01","CO06_01","CO07_01","CO08_01","CO09_01","CO10_01","CO11_01","CO12_01","CO13_01","CO14_01","CO15_01","CO16_01","CO18_01","CO17_01","CO19_01","CO20_01","RA01_CP","RA01x01","RA01x02","RA01x03","RA01x04","RA01x05","RA01x06","RA01x07","RA01x08","RA01x09","RA01x10","RA01x11","RA01x12","RA01x13","RA01x14","RA01x15","RA01x16","RA01x17","RA01x18","RA01x19","RA01x20","DE01","DE02_01","DE03_01","DE04","DE04_01","DE04_02","DE04_03","DI01_01","DI02_01","DI03_01","DI04_01","DI05_01","DI06_01","DI07_01","DI08_01","DI10_01","DI11_01","DI12_01","DI13_01","DI14_01","DI15_01","DI16_01","DI17_01","DI18_01","DI19_01","DI20_01","DI09_01","FA01","FA01_01","FA02","FA02_01","FA03","FA03_01","FA04","FA04_01","FA05","FA05_01","FA06","FA06_01","FA07","FA07_01","FA08","FA08_01","FA09","FA09_01","FA10","FA10_01","FA11","FA11_01","FA12","FA12_01","FA13","FA13_01","FA14","FA14_01","FA15","FA15_01","FA16","FA16_01","FA17","FA17_01","FA18","FA18_01","FA19","FA19_01","FA20","FA20_01","TIME001","TIME002","TIME003","TIME004","TIME005","TIME006","TIME007","TIME008","TIME009","TIME010","TIME011","TIME012","TIME013","TIME014","TIME015","TIME016","TIME017","TIME018","TIME019","TIME020","TIME021","TIME022","TIME023","TIME024","TIME025","TIME026","TIME027","TIME028","TIME029","TIME030","TIME031","TIME032","TIME033","TIME034","TIME035","TIME036","TIME037","TIME038","TIME039","TIME040","TIME041","TIME042","TIME043","TIME044","TIME045","TIME046","TIME047","TIME048","TIME049","TIME050","TIME051","TIME052","TIME053","TIME054","TIME055","TIME056","TIME057","TIME058","TIME059","TIME060","TIME061","TIME062","TIME_SUM","MAILSENT","LASTDATA","FINISHED","Q_VIEWER","LASTPAGE","MAXPAGE","dis01","dis02","dis03","dis04","dis05","dis06","dis07","dis08","dis09","dis10","dis11","dis12","dis13","dis14","dis15","dis16","dis17","dis18","dis19","dis20","dis","rechenzeit"
"1",1,85,155,NA,NA,"base","interview","2020-08-12 11:00:06",51,95,38,50,51,51,5,5,9,47,51,42,15,96,21,8,73,96,96,51,77,1,18,2,7,13,12,5,4,6,11,14,9,15,19,8,3,17,16,20,10,2,26,"OEER9410",0,FALSE,FALSE,FALSE,5194,1978,8015,13180,17023,10043,10883,16019,8534,5220,15407,5531,9872,12689,11912,8674,4828,8523,13683,10144,NA,NA,NA,NA,NA,NA,NA,NA,NA,NA,NA,NA,NA,NA,NA,NA,NA,NA,NA,NA,NA,NA,NA,NA,NA,NA,NA,NA,NA,NA,NA,NA,NA,NA,NA,NA,NA,NA,NA,NA,37,2,30,11,2,17,5,2,16,5,2,13,3,2,19,3,2,17,5,1,16,3,2,13,3,2,12,4,1,15,4,2,11,5,2,15,4,2,8,3,2,14,3,2,10,6,2,13,3,1,12,3,2,9,3,2,12,3,2,13,3,36,469,NA,"2020-08-12 11:08:03",TRUE,FALSE,62,62,1,0,1,1,1,1,1,1,1,1,1,0,1,1,1,1,1,1,1,1,18,285
"2",2,86,156,NA,NA,"base","interview","2020-08-12 11:03:31",37,96,98,54,5,52,16,3,49,13,54,4,40,95,26,52,12,38,50,12,78,6,18,17,15,3,8,16,1,12,5,10,2,9,20,4,11,7,14,13,19,1,26,"sien402",0,FALSE,FALSE,FALSE,5194,10918,8015,13181,17026,10143,10883,17119,8534,5220,14117,5531,9872,12689,11912,8674,4828,8523,13683,10144,NA,NA,NA,NA,NA,NA,NA,NA,NA,NA,NA,NA,NA,NA,NA,NA,NA,NA,NA,NA,NA,NA,NA,NA,NA,NA,NA,NA,NA,NA,NA,NA,NA,NA,NA,NA,NA,NA,NA,NA,70,1,30,13,2,33,4,2,14,4,2,20,4,2,30,5,1,42,8,2,21,25,1,35,5,2,25,3,2,24,4,2,17,4,2,34,3,1,10,4,2,15,3,2,14,21,1,27,6,1,17,4,1,17,12,2,38,5,2,15,4,47,726,NA,"2020-08-12 11:16:21",TRUE,FALSE,62,62,1,0,1,0,0,0,1,0,1,1,1,0,1,1,1,1,1,1,1,1,14,478
"3",3,91,161,NA,NA,"base","interview","2020-08-12 11:35:26",42,16,51,96,55,67,37,33,26,27,16,91,90,60,63,69,89,88,31,80,83,9,3,13,19,11,14,7,8,5,4,2,20,1,10,12,15,17,18,6,16,2,23,"stas601",0,FALSE,FALSE,FALSE,5194,10978,8015,13180,17023,10043,10883,16019,8534,5220,14407,5531,9872,12689,11912,8674,4828,8523,13683,10144,NA,NA,NA,NA,NA,NA,NA,NA,NA,NA,NA,NA,NA,NA,NA,NA,NA,NA,NA,NA,NA,NA,NA,NA,NA,NA,NA,NA,NA,NA,NA,NA,NA,NA,NA,NA,NA,NA,NA,NA,19,1,22,6,1,19,4,1,46,7,2,26,4,1,19,4,1,26,4,1,21,3,1,19,3,1,17,2,2,42,3,2,16,4,1,21,3,2,13,4,1,15,4,2,12,4,1,12,4,1,13,4,1,12,4,1,15,4,1,16,3,39,560,NA,"2020-08-12 11:44:50",TRUE,FALSE,62,62,1,1,1,1,1,1,1,1,1,1,1,1,1,1,1,1,1,1,1,1,20,402
"4",4,92,164,NA,NA,"base","interview","2020-08-12 11:41:44",86,7,25,51,70,30,98,29,51,54,54,91,30,51,26,18,21,44,95,69,86,20,13,3,15,9,5,18,4,11,14,10,16,6,12,2,7,8,1,19,17,2,49,"Haer113",0,FALSE,FALSE,FALSE,5194,10978,8015,13180,17023,10043,10883,16019,8534,5220,14407,5531,9872,12689,11912,8674,4828,9523,13683,10144,NA,NA,NA,NA,NA,NA,NA,NA,NA,NA,NA,NA,NA,NA,NA,NA,NA,NA,NA,NA,NA,NA,NA,NA,NA,NA,NA,NA,NA,NA,NA,NA,NA,NA,NA,NA,NA,NA,NA,NA,33,1,31,10,1,50,9,1,103,16,1,33,3,1,46,6,1,36,11,1,34,10,1,45,8,2,34,5,1,35,4,1,23,11,1,31,9,1,25,6,1,26,9,1,25,14,2,22,14,2,27,12,1,23,5,2,44,8,2,34,17,127,964,NA,"2020-08-12 12:00:03",TRUE,FALSE,62,62,1,1,1,1,1,1,1,1,1,1,1,1,1,1,1,1,1,1,0,1,19,727
"5",5,95,170,NA,NA,"base","interview","2020-08-12 11:47:33",94,59,94,76,95,53,16,77,25,21,44,7,45,33,58,55,37,66,47,13,92,17,10,19,20,7,12,2,18,5,6,16,1,9,4,13,15,14,8,11,3,2,55,"lane520",0,FALSE,FALSE,FALSE,5194,10978,8015,13180,17023,10043,10883,17019,8534,5220,14407,6631,9872,12689,11912,8674,4828,8523,13683,10144,NA,NA,NA,NA,NA,NA,NA,NA,NA,NA,NA,NA,NA,NA,NA,NA,NA,NA,NA,NA,NA,NA,NA,NA,NA,NA,NA,NA,NA,NA,NA,NA,NA,NA,NA,NA,NA,NA,NA,NA,40,1,30,4,1,21,5,1,24,3,1,19,5,1,24,5,1,23,4,1,21,5,1,19,3,1,19,5,1,17,7,1,20,5,1,17,2,1,15,5,1,21,4,1,19,3,1,16,3,1,16,3,1,17,4,1,27,3,1,21,4,75,623,NA,"2020-08-12 11:57:57",TRUE,FALSE,62,62,1,1,1,1,1,1,1,0,1,1,1,1,0,1,1,1,1,1,1,1,18,406
"6",6,96,172,NA,NA,"base","interview","2020-08-12 11:58:44",59,43,93,26,23,61,63,4,73,39,62,36,35,98,71,2,53,72,21,22,94,7,5,18,3,16,11,14,2,15,9,8,20,6,19,12,1,17,10,4,13,1,38,"balf205",0,FALSE,FALSE,FALSE,5194,10978,8015,13180,17023,10043,10883,16019,8534,5220,14507,5531,9872,13689,11911,8674,4828,8523,13683,10144,NA,NA,NA,NA,NA,NA,NA,NA,NA,NA,NA,NA,NA,NA,NA,NA,NA,NA,NA,NA,NA,NA,NA,NA,NA,NA,NA,NA,NA,NA,NA,NA,NA,NA,NA,NA,NA,NA,NA,NA,77,1,18,6,2,15,5,4,23,6,2,15,5,2,33,7,1,23,9,1,21,7,1,47,6,1,24,9,1,18,6,1,17,7,1,40,6,1,11,5,1,13,8,1,18,5,2,13,6,2,16,6,2,16,7,1,18,6,1,16,7,82,725,NA,"2020-08-12 12:10:56",TRUE,FALSE,62,62,1,1,1,1,1,1,1,1,1,1,1,0,1,1,0,0,1,1,1,1,17,415
"7",7,100,183,NA,NA,"base","interview","2020-08-12 12:40:40",13,81,22,7,76,23,13,36,52,84,86,83,54,75,52,60,85,75,85,22,105,6,14,2,4,13,5,3,7,10,19,8,20,15,17,11,9,18,16,1,12,1,78,"para4205",0,FALSE,FALSE,FALSE,5194,10978,8015,13180,17023,10043,10885,16019,9034,5220,14407,5531,9872,12689,11912,8674,4828,8523,13683,10144,NA,NA,NA,NA,NA,NA,NA,NA,NA,NA,NA,NA,NA,NA,NA,NA,NA,NA,NA,NA,NA,NA,NA,NA,NA,NA,NA,NA,NA,NA,NA,NA,NA,NA,NA,NA,NA,NA,1,TRUE,36,1,21,16,2,22,12,1,20,9,2,15,7,1,22,7,1,28,11,1,17,8,1,29,10,2,41,10,1,14,10,1,22,9,1,22,12,1,17,6,1,19,7,1,14,15,1,22,7,1,20,14,1,16,4,1,16,9,1,41,10,166,736,NA,"2020-08-12 12:54:56",TRUE,FALSE,62,62,1,1,1,1,1,1,0,1,1,0,1,1,1,1,1,1,1,1,1,1,18,438
"8",9,103,186,NA,NA,"base","interview","2020-08-12 12:42:54",7,59,35,59,34,93,95,33,78,33,92,69,63,9,51,43,58,36,9,25,108,1,14,6,11,7,19,20,5,15,18,17,16,12,3,10,9,8,13,2,4,1,44,"boer618",0,FALSE,FALSE,FALSE,5294,10978,7815,13180,17023,10043,10883,16019,8534,5220,14407,5531,8872,12689,11912,8674,4828,8523,13683,10144,NA,NA,NA,NA,NA,NA,NA,NA,NA,NA,NA,NA,NA,NA,NA,NA,NA,NA,NA,NA,0,FALSE,0,FALSE,0,FALSE,0,FALSE,0,FALSE,0,FALSE,0,FALSE,0,FALSE,0,FALSE,0,FALSE,31,2,21,19,1,28,13,1,34,10,1,24,9,2,100,7,1,40,6,1,32,5,2,30,5,1,25,7,1,26,20,1,25,4,1,60,7,1,27,16,1,27,6,1,35,8,1,31,7,1,26,7,1,32,17,1,38,6,1,40,8,83,905,NA,"2020-08-12 12:59:59",TRUE,FALSE,62,62,0,1,0,1,1,1,1,1,1,1,1,1,1,0,1,1,1,1,1,1,17,701
"9",10,104,190,NA,NA,"base","interview","2020-08-12 12:45:28",56,96,30,26,41,66,16,45,20,50,65,50,21,18,40,25,11,92,92,54,112,17,19,5,10,7,16,2,15,4,13,14,12,3,8,9,6,18,1,20,11,2,45,"reer513",0,FALSE,FALSE,FALSE,5194,10978,8015,13180,17023,10043,10883,16019,8534,5220,14407,5531,9872,12689,11912,8674,4828,8523,13683,10144,NA,NA,NA,NA,NA,NA,NA,NA,NA,NA,NA,NA,NA,NA,NA,NA,NA,NA,NA,NA,0,FALSE,0,FALSE,0,FALSE,0,FALSE,0,FALSE,0,FALSE,0,FALSE,0,FALSE,0,FALSE,0,FALSE,32,1,18,5,2,20,5,1,36,6,1,27,8,1,34,4,1,23,4,1,20,4,2,22,5,1,22,6,1,19,4,1,23,8,1,23,4,1,14,9,1,18,6,1,18,6,1,13,6,1,9,3,2,23,6,1,27,4,1,23,5,43,637,NA,"2020-08-12 12:56:06",TRUE,FALSE,62,62,1,1,1,1,1,1,1,1,1,1,1,1,1,1,1,1,1,1,1,1,20,432
"10",11,107,194,NA,NA,"base","interview","2020-08-12 12:56:13",31,4,52,36,66,61,62,52,34,94,94,35,70,35,6,3,83,77,62,8,113,19,4,13,8,18,12,11,14,5,20,9,7,10,15,3,1,16,6,17,2,2,38,"hain8201",0,FALSE,FALSE,FALSE,5194,10978,8005,13180,17113,9742,10883,16119,8534,5220,14507,5531,9872,11689,11912,8674,4828,8523,13683,10144,1,TRUE,1,TRUE,0,FALSE,0,FALSE,0,FALSE,0,FALSE,0,FALSE,0,FALSE,0,FALSE,0,FALSE,0,FALSE,0,FALSE,0,FALSE,0,FALSE,0,FALSE,0,FALSE,0,FALSE,0,FALSE,0,FALSE,0,FALSE,17,2,15,9,1,13,5,1,30,3,2,13,6,2,20,13,1,25,2,1,21,2,1,28,7,1,14,3,1,21,7,1,28,3,1,24,4,1,19,5,1,10,11,2,6,4,1,16,3,1,14,3,1,35,11,1,23,6,2,12,3,42,579,NA,"2020-08-12 13:05:55",TRUE,FALSE,62,62,1,1,0,1,0,0,1,0,1,1,1,0,1,1,0,1,1,1,1,1,14,387
"11",12,112,210,NA,NA,"base","interview","2020-08-12 13:08:40",4,71,83,13,16,13,81,72,64,32,78,17,24,21,34,89,22,14,89,31,129,12,14,15,1,2,6,20,11,13,8,16,7,3,17,10,19,5,4,18,9,1,51,"Mulf6912",0,FALSE,FALSE,FALSE,5194,10978,8015,13180,17023,10043,10883,16019,8534,5220,14407,5531,9872,12689,11912,8674,4828,8523,13683,10144,0,FALSE,0,FALSE,0,FALSE,0,FALSE,0,FALSE,0,FALSE,0,FALSE,0,FALSE,0,FALSE,0,FALSE,0,FALSE,0,FALSE,0,FALSE,0,FALSE,0,FALSE,0,FALSE,0,FALSE,0,FALSE,0,FALSE,0,FALSE,3,1,42,20,1,21,8,1,24,9,1,35,6,2,23,6,1,30,11,1,23,4,2,29,10,1,33,8,1,17,5,1,22,8,1,19,7,1,16,7,2,21,17,1,16,7,1,29,9,1,23,7,1,38,8,1,20,4,1,21,5,94,775,NA,"2020-08-12 13:21:48",TRUE,FALSE,62,62,1,1,1,1,1,1,1,1,1,1,1,1,1,1,1,1,1,1,1,1,20,502
"13",14,120,219,NA,NA,"base","interview","2020-08-12 13:24:57",5,26,96,32,34,38,3,50,45,45,67,75,3,43,49,60,62,34,90,34,138,1,4,19,6,9,8,2,16,10,11,15,17,3,12,13,14,7,18,20,5,2,38,"spns223",0,FALSE,FALSE,FALSE,5194,10978,8015,13180,17023,10043,10883,16019,8534,5220,14407,5531,9872,12689,11912,8674,4828,8523,13683,10144,0,FALSE,0,FALSE,0,FALSE,0,FALSE,0,FALSE,0,FALSE,0,FALSE,0,FALSE,0,FALSE,0,FALSE,0,FALSE,0,FALSE,0,FALSE,0,FALSE,0,FALSE,0,FALSE,0,FALSE,0,FALSE,0,FALSE,0,FALSE,45,1,9,14,1,9,5,1,37,8,1,15,4,1,17,4,1,23,4,1,23,4,1,12,6,2,16,8,1,11,5,1,15,6,1,12,9,1,10,5,1,11,9,1,8,4,1,10,3,1,9,6,2,8,5,1,16,6,1,16,3,66,536,NA,"2020-08-12 13:33:55",TRUE,FALSE,62,62,1,1,1,1,1,1,1,1,1,1,1,1,1,1,1,1,1,1,1,1,20,287
"14",15,123,225,NA,NA,"base","interview","2020-08-12 13:38:12",54,53,26,27,49,45,83,9,49,31,89,66,68,12,13,76,38,19,11,34,144,15,8,7,5,12,9,19,6,20,14,17,13,10,2,1,16,4,11,3,18,1,41,"pord920",0,FALSE,FALSE,FALSE,5194,10978,815,13180,17013,10043,10883,16019,8534,5220,14417,5531,9872,12689,11912,8674,4828,8513,13683,10144,1,TRUE,1,TRUE,0,FALSE,1,TRUE,0,FALSE,0,FALSE,0,FALSE,0,FALSE,1,TRUE,0,FALSE,0,FALSE,0,FALSE,0,FALSE,0,FALSE,0,FALSE,0,FALSE,0,FALSE,0,FALSE,0,FALSE,1,TRUE,6,2,14,20,1,20,11,1,24,7,1,21,4,2,24,4,2,16,4,1,17,3,1,25,8,1,17,9,1,17,4,1,22,2,1,41,5,1,16,3,1,14,2,2,14,2,2,12,3,1,13,3,1,17,6,1,28,4,1,19,4,72,599,NA,"2020-08-12 13:48:15",TRUE,FALSE,62,62,1,1,0,1,0,1,1,1,1,1,1,0,1,1,1,1,1,1,0,1,16,391
"15",16,126,229,NA,NA,"base","interview","2020-08-12 13:45:52",55,56,62,31,81,90,19,8,55,53,90,54,87,19,49,49,86,51,11,19,148,12,9,14,3,17,16,7,2,10,4,20,15,18,6,11,8,13,19,1,5,2,58,"stta212",0,FALSE,FALSE,FALSE,5195,10978,8015,13180,17023,10043,10883,16019,8534,5220,14407,5531,9872,12689,11912,8674,4828,8523,13683,10144,0,FALSE,0,FALSE,0,FALSE,0,FALSE,0,FALSE,0,FALSE,0,FALSE,0,FALSE,0,FALSE,0,FALSE,0,FALSE,0,FALSE,0,FALSE,0,FALSE,0,FALSE,0,FALSE,0,FALSE,0,FALSE,0,FALSE,0,FALSE,8,1,30,16,2,31,8,1,102,4,1,21,4,1,74,7,2,35,5,1,35,6,1,41,11,1,34,4,1,42,13,1,25,6,1,26,11,1,24,9,1,26,17,1,32,8,1,36,11,1,30,11,1,24,9,1,28,8,2,43,11,127,951,NA,"2020-08-12 14:03:48",TRUE,FALSE,62,62,0,1,1,1,1,1,1,1,1,1,1,1,1,1,1,1,1,1,1,1,19,739
"16",17,131,234,NA,NA,"base","interview","2020-08-12 13:54:18",95,42,40,83,90,37,34,30,90,28,94,88,33,91,43,79,45,83,31,69,153,17,4,5,15,8,1,9,7,14,2,19,20,10,12,11,18,16,6,3,13,2,53,"mu721",0,FALSE,FALSE,FALSE,5194,10978,7915,13174,17023,10043,10883,17019,8534,5220,14407,5531,9872,9689,11912,8674,4828,8523,13683,10144,0,FALSE,0,FALSE,0,FALSE,0,FALSE,0,FALSE,0,FALSE,0,FALSE,0,FALSE,0,FALSE,0,FALSE,0,FALSE,0,FALSE,1,TRUE,1,TRUE,0,FALSE,0,FALSE,0,FALSE,0,FALSE,0,FALSE,0,FALSE,5420,1,37,9,1,16,7,1,23,6,1,19,6,2,20,7,1,24,6,1,22,6,1,27,5,1,33,7,2,21,4,2,17,5,1,19,4,2,18,20,1,22,10,1,17,6,2,22,7,1,17,5,1,20,5,1,20,7,1,21,5,57,656,NA,"2020-08-12 15:35:32",TRUE,FALSE,62,62,1,1,0,0,1,1,1,0,1,1,1,1,1,1,0,1,1,1,1,1,16,435
"17",18,136,241,NA,NA,"base","interview","2020-08-12 14:11:18",58,21,27,96,28,4,64,99,22,72,98,28,30,94,7,34,62,89,57,31,160,13,9,5,20,10,1,12,19,8,15,18,4,3,17,2,6,16,14,11,7,2,54,"ster613",0,FALSE,FALSE,FALSE,5194,10978,8015,13180,17023,10043,10883,16019,8534,5220,14407,5531,9872,12689,11912,8674,4828,8513,13683,10144,0,FALSE,1,TRUE,0,FALSE,0,FALSE,0,FALSE,0,FALSE,0,FALSE,0,FALSE,1,TRUE,0,FALSE,0,FALSE,0,FALSE,0,FALSE,0,FALSE,0,FALSE,0,FALSE,0,FALSE,0,FALSE,0,FALSE,0,FALSE,38,1,14,5,1,9,9,1,19,4,1,20,6,1,32,6,1,16,5,1,13,4,1,37,5,1,14,9,2,11,4,1,22,3,1,19,4,2,9,3,1,11,4,1,8,159,1,11,3,1,9,3,1,11,4,1,17,4,1,17,4,31,503,NA,"2020-08-12 14:22:17",TRUE,FALSE,62,62,1,1,1,1,1,1,1,1,1,1,1,1,1,1,1,1,1,1,0,1,19,319
"18",19,137,242,NA,NA,"base","interview","2020-08-12 14:13:40",49,70,48,82,4,30,31,6,56,21,75,13,81,55,52,84,42,55,58,5,161,9,20,12,18,2,3,7,1,16,8,15,5,17,13,14,19,11,6,4,10,2,46,"Haar422",0,FALSE,FALSE,FALSE,5194,10879,7115,13180,17023,10043,10883,16019,8534,5220,14407,5531,4882,12689,11912,8674,4828,8523,13683,10144,1,TRUE,0,FALSE,0,FALSE,0,FALSE,0,FALSE,0,FALSE,0,FALSE,0,FALSE,0,FALSE,1,TRUE,1,TRUE,0,FALSE,0,FALSE,0,FALSE,0,FALSE,0,FALSE,0,FALSE,0,FALSE,0,FALSE,0,FALSE,87,1,41,35,1,14,6,1,46,9,1,20,6,1,27,5,1,26,6,1,32,5,1,44,3,2,23,3,1,17,20,1,27,7,1,17,3,1,15,2,1,22,3,1,21,3,2,18,9,1,13,4,1,16,5,1,20,5,1,25,4,47,765,NA,"2020-08-12 14:26:43",TRUE,FALSE,62,62,1,0,0,1,1,1,1,1,1,1,1,1,1,0,1,1,1,1,1,1,17,484
"19",20,138,243,NA,NA,"base","interview","2020-08-12 14:19:05",14,31,3,58,5,62,88,16,27,99,58,51,99,54,42,16,57,98,98,11,162,2,14,1,11,3,9,15,4,8,17,12,19,20,13,7,6,18,10,16,5,1,51,"nuead812",0,FALSE,FALSE,FALSE,5294,10978,8015,13070,17023,10043,10883,16019,8534,5220,14407,5531,9872,12689,11812,8674,4828,8523,13683,10144,0,FALSE,1,TRUE,0,FALSE,0,FALSE,0,FALSE,0,FALSE,0,FALSE,0,FALSE,0,FALSE,0,FALSE,0,FALSE,0,FALSE,0,FALSE,0,FALSE,0,FALSE,0,FALSE,0,FALSE,0,FALSE,0,FALSE,0,FALSE,43,1,37,13,1,25,16,1,43,8,1,28,3,1,21,6,1,22,3,1,21,4,1,18,3,1,17,5,1,17,3,1,18,3,1,24,4,1,18,5,1,15,3,1,17,5,1,17,3,1,18,3,1,14,3,1,24,4,1,19,4,98,695,NA,"2020-08-12 14:30:40",TRUE,FALSE,62,62,0,1,1,0,1,1,1,1,1,1,1,1,1,1,1,0,1,1,1,1,17,433
"20",21,139,244,NA,NA,"base","interview","2020-08-12 14:19:46",88,21,8,64,10,6,51,73,94,52,88,30,59,45,53,96,8,8,54,38,163,19,16,1,13,4,7,10,15,20,12,18,6,11,8,14,17,2,3,9,5,1,57,"ruus328",0,FALSE,FALSE,FALSE,5194,10978,8015,13180,17023,10013,10283,16019,8534,5220,14407,5531,9872,12689,11912,8674,4828,8523,13683,10144,0,FALSE,1,TRUE,0,FALSE,0,FALSE,0,FALSE,0,FALSE,0,FALSE,0,FALSE,0,FALSE,0,FALSE,0,FALSE,0,FALSE,0,FALSE,0,FALSE,0,FALSE,0,FALSE,0,FALSE,0,FALSE,0,FALSE,0,FALSE,30,1,12,6,1,14,16,1,10,6,1,10,4,2,23,5,1,19,5,1,13,4,1,17,5,2,10,2,1,11,3,1,10,3,2,20,6,1,8,4,1,12,5,1,9,3,1,9,4,1,8,3,1,13,3,1,15,3,1,11,4,39,438,NA,"2020-08-12 14:27:07",TRUE,FALSE,62,62,1,1,1,1,1,0,0,1,1,1,1,1,1,1,1,1,1,1,1,1,18,254
"21",22,148,259,NA,NA,"base","interview","2020-08-12 15:07:20",9,35,96,69,67,35,2,34,51,52,65,88,43,94,86,54,7,3,19,74,178,5,6,18,12,20,8,3,7,10,15,13,16,9,19,17,14,2,1,4,11,3,21,"stin914",0,FALSE,FALSE,FALSE,5194,10978,8015,13180,17013,10043,10883,16019,8534,5220,14407,5531,9872,12689,11912,8674,4828,8523,13683,10144,1,TRUE,1,TRUE,1,TRUE,1,TRUE,1,TRUE,1,TRUE,1,TRUE,1,TRUE,1,TRUE,1,TRUE,1,TRUE,1,TRUE,1,TRUE,1,TRUE,1,TRUE,1,TRUE,1,TRUE,1,TRUE,1,TRUE,1,TRUE,36,2,14,15,1,11,7,3,23,8,2,13,8,1,47,13,1,35,6,1,18,9,1,15,6,2,14,5,2,13,7,1,12,7,1,15,7,1,10,11,1,12,6,2,9,6,1,11,11,1,11,3,2,11,3,2,15,5,1,15,9,44,581,NA,"2020-08-12 15:17:05",TRUE,FALSE,62,62,1,1,1,1,0,1,1,1,1,1,1,1,1,1,1,1,1,1,1,1,19,324
"22",23,150,262,NA,NA,"base","interview","2020-08-12 15:23:02",82,96,9,95,15,11,45,50,57,59,13,89,6,44,44,39,55,56,11,56,181,4,18,5,19,3,20,9,12,13,11,10,16,17,8,6,7,15,1,2,14,2,63,"bapp5614",0,FALSE,FALSE,FALSE,5194,10078,8015,13180,17023,10043,10883,16019,8534,5220,14407,5531,9872,13689,11912,8674,4828,8523,13684,10144,1,TRUE,0,FALSE,0,FALSE,0,FALSE,0,FALSE,0,FALSE,0,FALSE,0,FALSE,0,FALSE,0,FALSE,1,TRUE,0,FALSE,1,TRUE,0,FALSE,0,FALSE,1,TRUE,0,FALSE,0,FALSE,1,TRUE,0,FALSE,46,2,34,30,2,22,7,1,32,5,1,25,6,1,22,4,2,22,5,2,15,7,1,16,4,1,19,4,1,16,5,1,25,21,2,21,4,1,16,7,1,19,4,1,16,4,1,16,5,2,14,4,2,20,4,32,NA,6,1,18,4,76,657,NA,"2020-08-12 15:34:50",TRUE,FALSE,62,62,1,0,1,1,1,1,1,1,1,1,1,1,1,1,0,1,1,1,1,0,17,NA
"23",24,151,263,NA,NA,"base","interview","2020-08-12 15:23:35",1,47,66,32,100,54,89,9,5,27,57,32,78,30,75,66,30,47,4,27,182,5,12,1,7,20,11,16,3,2,10,19,8,17,9,15,13,14,18,4,6,1,23,"lier705",0,FALSE,FALSE,FALSE,5194,10978,8015,13180,17023,10043,10883,16019,8534,5220,13607,5531,9874,12689,11912,8674,4728,8523,13683,10134,0,FALSE,0,FALSE,1,TRUE,0,FALSE,0,FALSE,0,FALSE,0,FALSE,0,FALSE,0,FALSE,1,TRUE,1,TRUE,0,FALSE,0,FALSE,0,FALSE,0,FALSE,0,FALSE,0,FALSE,0,FALSE,0,FALSE,0,FALSE,22,2,62,11,1,27,4,1,39,10,1,22,5,1,27,5,1,24,4,1,23,7,1,19,11,1,18,5,1,30,67,2,23,6,1,24,4,1,21,6,1,18,7,2,30,2,2,22,6,2,18,10,1,25,5,1,26,2,2,37,6,57,756,NA,"2020-08-12 15:37:18",TRUE,FALSE,62,62,1,1,1,1,1,1,1,1,0,1,1,0,1,0,1,1,1,0,1,1,16,535
"24",25,152,264,NA,NA,"base","interview","2020-08-12 15:27:18",80,83,3,8,63,61,60,59,39,31,48,8,10,9,55,83,33,63,34,52,183,18,19,13,2,12,15,4,11,9,5,10,1,3,8,14,20,16,7,6,17,2,35,"Bart8515",0,FALSE,FALSE,FALSE,5194,10978,8015,13180,17023,10043,10883,16019,8534,5220,14407,5531,9872,12689,11912,8674,4828,8523,13683,10144,0,FALSE,0,FALSE,0,FALSE,0,FALSE,0,FALSE,0,FALSE,0,FALSE,0,FALSE,0,FALSE,0,FALSE,0,FALSE,0,FALSE,0,FALSE,0,FALSE,0,FALSE,0,FALSE,0,FALSE,0,FALSE,0,FALSE,0,FALSE,31,2,64,10,1,18,4,2,28,5,1,21,5,1,18,4,1,22,3,1,34,2,2,29,4,1,16,3,2,14,3,1,13,5,1,13,3,1,12,2,1,23,2,1,13,2,2,14,3,1,15,3,1,16,3,1,14,2,1,23,3,52,598,NA,"2020-08-12 15:37:17",TRUE,FALSE,62,62,1,1,1,1,1,1,1,1,1,1,1,1,1,1,1,1,1,1,1,1,20,420
"25",26,153,267,NA,NA,"base","interview","2020-08-12 15:49:46",54,43,59,43,48,8,22,23,71,69,87,9,63,47,61,45,54,59,21,45,186,13,9,11,3,2,1,5,15,18,12,6,10,17,8,19,7,20,14,4,16,2,63,"bapp5614",0,FALSE,FALSE,FALSE,5194,10978,8015,13180,17023,10043,10883,16019,8534,5220,14407,5531,9872,12689,11912,8674,4824,8523,14683,10144,0,FALSE,0,FALSE,0,FALSE,0,FALSE,0,FALSE,0,FALSE,0,FALSE,0,FALSE,0,FALSE,0,FALSE,0,FALSE,1,TRUE,0,FALSE,0,FALSE,0,FALSE,0,FALSE,0,FALSE,0,FALSE,0,FALSE,0,FALSE,3,2,15,4,1,16,5,2,30,4,1,16,4,3,32,4,1,20,3,1,24,4,2,26,8,2,22,5,1,19,5,1,21,7,4,37,7,1,15,6,1,18,5,1,13,4,2,12,4,1,15,4,1,29,4,2,23,4,2,25,4,27,577,NA,"2020-08-12 15:59:32",TRUE,FALSE,62,62,1,1,1,1,1,1,1,1,1,1,1,1,1,1,1,1,1,0,1,0,18,428
"26",27,156,270,NA,NA,"base","interview","2020-08-12 15:54:40",8,92,26,6,52,55,80,7,90,62,8,9,87,90,15,54,21,82,27,37,189,11,17,8,4,12,14,19,2,20,13,1,18,16,3,6,10,15,5,9,7,2,59,"stad6124",0,FALSE,FALSE,FALSE,5194,10978,7015,13180,17023,10043,10883,16019,8534,5220,14407,5521,9872,12689,11912,8674,4828,8523,13685,10144,1,TRUE,0,FALSE,1,TRUE,0,FALSE,0,FALSE,0,FALSE,0,FALSE,0,FALSE,1,TRUE,0,FALSE,0,FALSE,0,FALSE,0,FALSE,0,FALSE,0,FALSE,0,FALSE,0,FALSE,0,FALSE,0,FALSE,0,FALSE,24,1,57,24,1,31,14,2,44,16,1,42,7,1,23,10,1,30,6,2,23,9,2,23,9,1,23,12,2,23,9,1,18,7,1,20,9,1,25,4,1,20,4,1,21,5,1,18,7,1,21,5,2,19,7,1,22,5,2,21,8,58,788,NA,"2020-08-12 16:08:09",TRUE,FALSE,62,62,1,1,0,1,1,1,1,1,1,1,1,1,0,1,1,1,1,1,1,0,17,524
"28",29,161,278,NA,NA,"base","interview","2020-08-12 16:12:46",22,41,79,5,74,65,32,28,14,82,56,49,52,82,82,7,67,33,26,62,197,2,1,18,11,16,12,8,6,4,20,10,9,14,17,19,3,7,15,5,13,2,43,"gord718",0,FALSE,FALSE,FALSE,5194,10978,8015,13180,17023,10043,10883,16019,8534,5220,14407,5531,9872,12689,11912,8674,4828,8523,13683,10144,1,TRUE,1,TRUE,1,TRUE,0,FALSE,0,FALSE,0,FALSE,0,FALSE,0,FALSE,0,FALSE,0,FALSE,0,FALSE,0,FALSE,0,FALSE,0,FALSE,0,FALSE,0,FALSE,0,FALSE,0,FALSE,0,FALSE,0,FALSE,31,2,17,16,1,15,18,1,17,7,1,12,5,1,16,6,1,17,6,1,15,4,1,19,4,1,11,3,2,10,4,1,14,4,2,16,4,1,7,3,1,8,4,1,8,4,1,9,3,2,7,4,1,10,7,1,12,3,2,12,4,60,480,NA,"2020-08-12 16:20:48",TRUE,FALSE,62,62,1,1,1,1,1,1,1,1,1,1,1,1,1,1,1,1,1,1,1,1,20,252
"30",31,166,285,NA,NA,"base","interview","2020-08-12 16:29:05",50,61,4,49,31,96,51,52,54,42,53,31,97,29,99,43,3,56,39,29,204,1,7,2,15,4,18,17,12,11,9,13,6,19,8,20,16,14,3,10,5,1,37,"lato315",0,FALSE,FALSE,FALSE,6194,10978,8815,13180,17013,10043,10883,16019,8534,5220,14407,5531,9872,12689,11912,8674,4828,8523,13683,10144,1,TRUE,1,TRUE,0,FALSE,0,FALSE,0,FALSE,0,FALSE,0,FALSE,0,FALSE,0,FALSE,0,FALSE,0,FALSE,0,FALSE,0,FALSE,0,FALSE,0,FALSE,0,FALSE,0,FALSE,0,FALSE,1,TRUE,0,FALSE,11,2,7,16,1,11,7,2,10,4,1,8,4,1,15,3,2,9,2,2,10,3,1,18,3,1,9,2,2,10,4,1,13,4,1,19,3,1,6,3,1,9,3,2,9,3,1,11,3,2,8,3,1,8,3,1,18,4,2,12,2,26,361,NA,"2020-08-12 16:35:10",TRUE,FALSE,62,62,0,1,0,1,0,1,1,1,1,1,1,1,1,1,1,1,1,1,1,1,17,220
"31",32,168,287,NA,NA,"base","interview","2020-08-12 16:32:48",6,95,5,54,5,97,96,96,99,9,66,54,59,16,5,54,56,96,6,96,206,5,11,19,6,4,20,17,9,18,8,13,12,10,1,2,14,15,7,3,16,1,72,"hach85",0,FALSE,FALSE,FALSE,5194,10978,8015,13180,17023,10043,10883,16011,8534,5110,14913,5531,9872,12689,11912,8674,4828,7823,13680,11024,0,FALSE,0,FALSE,0,FALSE,0,FALSE,0,FALSE,0,FALSE,0,FALSE,0,FALSE,0,FALSE,1,TRUE,0,FALSE,0,FALSE,0,FALSE,0,FALSE,0,FALSE,0,FALSE,0,FALSE,0,FALSE,0,FALSE,0,FALSE,3,1,14,6,1,15,6,1,14,5,1,19,7,1,24,6,1,29,17,1,19,6,1,34,5,1,28,5,1,19,30,1,16,7,1,25,6,1,15,7,1,13,8,1,21,5,1,16,7,1,13,6,1,17,6,1,30,8,1,18,6,115,658,NA,"2020-08-12 16:44:24",TRUE,FALSE,62,62,1,1,1,1,1,1,1,0,0,1,0,0,1,1,1,1,1,1,0,0,14,399
"33",34,170,290,NA,NA,"base","interview","2020-08-12 17:07:07",43,41,48,33,81,87,56,18,87,81,50,72,94,47,12,24,75,93,28,14,209,7,10,9,6,16,17,13,11,19,1,5,15,20,12,3,8,18,14,4,2,2,53,"mein714",0,FALSE,FALSE,FALSE,5194,10978,8015,13180,17023,10043,10883,15919,8534,5220,14407,5531,9872,12689,11912,8674,4828,8533,13683,10144,0,FALSE,1,TRUE,0,FALSE,0,FALSE,0,FALSE,0,FALSE,0,FALSE,0,FALSE,0,FALSE,0,FALSE,0,FALSE,0,FALSE,0,FALSE,0,FALSE,0,FALSE,0,FALSE,0,FALSE,0,FALSE,0,FALSE,0,FALSE,39,1,11,11,1,15,21,1,18,5,1,16,14,1,43,6,1,18,6,1,15,5,1,71,8,1,17,5,1,14,5,1,14,8,1,42,8,1,12,5,1,16,4,1,11,4,1,14,5,1,11,4,1,27,6,1,34,9,1,25,5,50,673,NA,"2020-08-12 17:18:44",TRUE,FALSE,62,62,1,1,1,1,1,1,1,0,1,1,1,1,1,1,1,1,1,1,0,1,18,444
"34",35,171,291,NA,NA,"base","interview","2020-08-12 17:22:49",52,22,87,79,20,51,51,19,45,31,75,78,57,83,26,61,24,66,28,37,210,9,2,19,15,1,10,14,3,11,8,18,17,12,20,5,13,16,4,6,7,2,56,"hirg331",0,FALSE,FALSE,FALSE,5194,10978,8115,13180,17023,10043,10883,16019,8534,5220,14407,5531,9872,12689,11912,8674,4828,8523,13683,10144,0,FALSE,0,FALSE,0,FALSE,0,FALSE,0,FALSE,0,FALSE,0,FALSE,0,FALSE,0,FALSE,0,FALSE,0,FALSE,0,FALSE,0,FALSE,0,FALSE,0,FALSE,0,FALSE,0,FALSE,0,FALSE,0,FALSE,0,FALSE,59,1,31,15,1,29,10,1,24,8,1,23,14,1,26,15,1,29,6,1,25,7,2,23,7,1,29,8,1,20,5,1,20,11,1,22,6,2,18,10,1,16,9,2,20,10,1,20,11,1,17,8,1,63,12,1,21,8,1,21,7,132,841,NA,"2020-08-12 17:37:52",TRUE,FALSE,62,62,1,1,0,1,1,1,1,1,1,1,1,1,1,1,1,1,1,1,1,1,19,497
"35",36,173,293,NA,NA,"base","interview","2020-08-12 17:59:01",96,53,6,53,52,98,8,5,51,32,41,97,4,30,38,97,28,98,7,33,212,17,12,1,13,14,19,3,10,11,7,9,16,2,6,15,18,20,8,4,5,2,53,"wonz620",0,FALSE,FALSE,FALSE,5194,10978,8015,13180,17023,10043,10883,16019,8534,5220,14407,5531,9872,12689,11912,8674,4828,8523,13683,10144,0,FALSE,0,FALSE,0,FALSE,0,FALSE,0,FALSE,0,FALSE,0,FALSE,0,FALSE,0,FALSE,0,FALSE,0,FALSE,0,FALSE,0,FALSE,0,FALSE,0,FALSE,0,FALSE,0,FALSE,0,FALSE,0,FALSE,0,FALSE,35,1,20,10,2,14,5,1,18,7,1,15,7,2,17,5,1,18,10,1,16,5,1,17,5,1,16,7,1,17,3,1,18,4,1,16,10,1,18,5,1,15,4,2,12,6,1,16,4,1,12,4,1,14,4,1,15,5,1,15,4,52,541,NA,"2020-08-12 18:08:04",TRUE,FALSE,62,62,1,1,1,1,1,1,1,1,1,1,1,1,1,1,1,1,1,1,1,1,20,319
"36",37,175,298,NA,NA,"base","interview","2020-08-12 18:48:59",99,42,2,58,35,6,6,99,57,47,94,66,63,59,57,41,8,8,8,6,217,18,15,12,5,8,6,13,19,16,4,20,11,17,9,14,7,2,1,10,3,2,40,"Duert916",0,FALSE,FALSE,FALSE,5194,1978,8015,13180,17123,10043,10883,16019,8534,5220,14407,5531,9872,12689,11912,8674,4828,8533,13683,11044,0,FALSE,0,FALSE,1,TRUE,1,TRUE,0,FALSE,0,FALSE,0,FALSE,0,FALSE,0,FALSE,0,FALSE,0,FALSE,0,FALSE,0,FALSE,0,FALSE,0,FALSE,0,FALSE,0,FALSE,0,FALSE,0,FALSE,0,FALSE,36,1,19,11,1,23,6,1,12,27,1,25,8,1,95,4,1,48,6,1,33,8,1,37,4,2,56,4,2,11,5,1,15,2,2,49,6,1,9,8,1,13,5,1,10,3,1,19,4,1,10,4,1,55,3,1,23,3,1,30,3,107,748,NA,"2020-08-12 19:03:41",TRUE,FALSE,62,62,1,0,1,1,0,1,1,1,0,1,1,1,1,1,1,1,1,1,0,1,16,592
"37",38,176,299,NA,NA,"base","interview","2020-08-12 19:05:34",62,81,7,49,36,38,92,91,65,64,12,52,34,86,40,14,28,29,50,66,218,16,18,2,10,7,8,20,19,13,11,1,12,9,17,4,3,5,6,14,15,2,40,"baef7920",0,FALSE,FALSE,FALSE,5194,10978,8025,13180,17023,10043,10883,18019,8534,5220,14407,5531,9872,12689,11912,8674,4824,8523,13683,10144,0,FALSE,0,FALSE,0,FALSE,0,FALSE,0,FALSE,0,FALSE,0,FALSE,0,FALSE,0,FALSE,0,FALSE,0,FALSE,0,FALSE,0,FALSE,0,FALSE,0,FALSE,0,FALSE,0,FALSE,0,FALSE,0,FALSE,0,FALSE,43,2,27,4,1,27,4,1,32,3,2,18,4,1,20,3,2,14,3,2,14,5,1,28,2,1,10,4,1,14,3,1,25,3,1,12,3,1,10,5,1,11,5,1,13,3,2,36,2,2,10,3,1,9,3,1,15,3,2,14,7,56,554,NA,"2020-08-12 19:14:51",TRUE,FALSE,62,62,1,1,0,1,1,1,1,0,1,1,1,1,1,1,1,1,1,0,1,1,17,359
"38",39,177,300,NA,NA,"base","interview","2020-08-12 19:34:42",71,99,99,2,61,2,53,50,51,50,7,3,62,24,33,64,56,11,29,57,219,8,20,19,2,17,1,9,12,10,11,18,3,13,7,6,16,4,15,5,14,2,38,"rold223",0,FALSE,FALSE,FALSE,1326,7100,8015,11380,17023,10043,10883,16019,8534,5220,14407,5531,9872,12689,11912,8674,4828,8523,13683,10144,1,TRUE,0,FALSE,0,FALSE,0,FALSE,0,FALSE,0,FALSE,0,FALSE,0,FALSE,0,FALSE,0,FALSE,0,FALSE,0,FALSE,0,FALSE,1,TRUE,0,FALSE,0,FALSE,0,FALSE,0,FALSE,0,FALSE,0,FALSE,97,1,18,28,1,46,6,1,24,6,1,33,4,1,33,8,1,29,5,1,21,7,1,24,5,1,18,6,1,15,4,1,14,9,1,14,8,1,13,9,2,39,7,1,21,6,1,14,9,1,16,7,1,22,7,3,17,9,2,14,6,73,793,NA,"2020-08-12 19:47:58",TRUE,FALSE,62,62,0,0,1,0,1,1,1,1,1,1,1,1,1,1,1,1,1,1,1,1,17,445
"39",40,178,301,NA,NA,"base","interview","2020-08-12 19:45:16",34,55,8,66,9,59,34,94,68,61,97,31,4,96,27,57,98,58,27,3,220,5,14,2,16,4,11,9,20,13,10,17,7,3,18,8,15,12,19,6,1,2,61,"nulf808",0,FALSE,FALSE,FALSE,5194,10978,8015,13180,17123,10043,10883,16019,8534,5220,14307,5531,9872,12689,11912,8674,4828,8523,13683,10144,0,FALSE,0,FALSE,0,FALSE,0,FALSE,0,FALSE,0,FALSE,0,FALSE,0,FALSE,0,FALSE,0,FALSE,0,FALSE,0,FALSE,0,FALSE,0,FALSE,0,FALSE,0,FALSE,0,FALSE,0,FALSE,0,FALSE,0,FALSE,442,1,16,10,1,34,6,1,20,10,1,23,6,1,37,5,1,18,17,1,17,9,1,17,8,1,13,8,1,15,7,1,18,7,1,17,7,1,15,6,1,14,7,1,20,6,1,14,10,1,13,20,1,13,7,1,17,12,1,15,9,100,650,NA,"2020-08-12 20:03:42",TRUE,FALSE,62,62,1,1,1,1,0,1,1,1,1,1,1,0,1,1,1,1,1,1,1,1,18,366
"40",41,179,304,NA,NA,"base","interview","2020-08-12 20:14:49",36,21,13,14,25,82,33,10,80,33,84,80,8,44,25,37,33,87,87,28,223,14,10,17,2,4,16,12,5,11,9,13,18,1,7,3,6,19,15,20,8,2,55,"Malf512",0,FALSE,FALSE,FALSE,5194,10988,8005,13180,17223,10036,10883,10619,8634,5220,143017,5531,9872,96089,11912,8674,4828,8939,13080,10144,0,FALSE,0,FALSE,0,FALSE,0,FALSE,0,FALSE,0,FALSE,0,FALSE,0,FALSE,0,FALSE,0,FALSE,0,FALSE,0,FALSE,0,FALSE,0,FALSE,0,FALSE,0,FALSE,0,FALSE,0,FALSE,0,FALSE,0,FALSE,119,2,35,17,1,44,13,1,33,6,2,29,10,1,58,11,1,50,17,1,30,21,1,39,21,2,46,18,1,27,12,1,26,8,2,69,7,1,26,18,1,23,17,1,31,17,1,31,11,1,27,6,1,33,19,1,32,6,2,65,6,101,1093,NA,"2020-08-12 20:35:49",TRUE,FALSE,62,62,1,0,0,1,0,0,1,0,1,0,1,0,1,1,0,1,1,1,0,0,10,754
"41",42,183,308,NA,NA,"base","interview","2020-08-12 21:05:29",31,88,5,69,69,72,86,89,6,28,62,32,20,32,89,25,89,26,65,34,227,4,15,3,14,12,16,17,9,2,8,11,1,13,7,19,6,5,20,10,18,2,56,"teut422",0,FALSE,FALSE,FALSE,5194,10978,7115,13180,17013,10143,10873,15919,8534,5112,14507,5531,9872,12689,11912,8684,4828,8523,13683,10144,1,TRUE,0,FALSE,0,FALSE,0,FALSE,0,FALSE,0,FALSE,0,FALSE,0,FALSE,0,FALSE,0,FALSE,0,FALSE,0,FALSE,1,TRUE,0,FALSE,0,FALSE,0,FALSE,0,FALSE,0,FALSE,0,FALSE,0,FALSE,54,1,30,24,2,19,21,1,21,7,1,21,6,1,39,6,1,25,6,1,27,5,1,39,11,1,28,9,1,15,8,1,18,7,1,34,8,1,14,7,1,20,6,1,19,6,1,26,6,1,17,5,1,16,5,1,50,3,1,33,4,147,848,NA,"2020-08-12 21:20:22",TRUE,FALSE,62,62,1,1,0,1,0,0,0,0,1,1,0,0,1,1,1,1,0,1,1,1,12,511
"42",43,190,317,NA,NA,"base","interview","2020-08-13 01:31:45",36,9,7,48,65,5,39,31,57,61,51,24,52,84,19,75,77,40,94,56,236,8,3,2,10,17,1,7,6,18,13,12,5,14,16,4,15,9,19,20,11,2,27,"muin324",0,FALSE,FALSE,FALSE,5194,10978,8015,13180,17023,10043,10883,16019,8534,5229,14407,5531,9872,12689,11912,8674,4828,8523,13683,10144,0,FALSE,0,FALSE,0,FALSE,0,FALSE,0,FALSE,0,FALSE,0,FALSE,0,FALSE,0,FALSE,0,FALSE,0,FALSE,0,FALSE,0,FALSE,0,FALSE,0,FALSE,0,FALSE,0,FALSE,0,FALSE,0,FALSE,0,FALSE,703,2,21,22,1,17,11,2,25,6,1,17,5,1,22,4,1,20,10,1,23,9,1,13,9,2,27,19,2,23,5,1,26,5,1,14,9,1,19,4,1,16,6,1,16,7,1,19,5,2,15,9,1,18,8,2,27,5,1,22,7,80,675,NA,"2020-08-13 01:54:39",TRUE,FALSE,62,62,1,1,1,1,1,1,1,1,1,1,0,1,1,1,1,1,1,1,1,1,19,400
"43",44,191,318,NA,NA,"base","interview","2020-08-13 07:31:36",97,23,58,59,14,22,58,3,97,95,97,49,6,45,34,28,54,55,93,91,237,19,5,16,15,1,9,12,2,18,7,10,13,3,8,4,6,14,11,17,20,2,55,"pale525",0,FALSE,FALSE,FALSE,5194,10977,8015,13180,17023,9943,10883,16019,8534,5220,14407,5531,9372,12689,11912,8674,4728,8523,13683,10144,0,FALSE,0,FALSE,0,FALSE,0,FALSE,0,FALSE,0,FALSE,0,FALSE,0,FALSE,0,FALSE,0,FALSE,0,FALSE,0,FALSE,0,FALSE,0,FALSE,0,FALSE,0,FALSE,0,FALSE,0,FALSE,0,FALSE,0,FALSE,47,1,14,12,2,19,6,1,23,7,1,37,5,1,26,11,1,20,4,1,21,4,1,19,5,1,22,3,1,21,4,1,27,2,1,27,5,1,18,2,1,137,3,1,17,3,1,20,4,1,16,3,1,21,4,1,22,2,1,26,3,78,669,NA,"2020-08-13 07:44:49",TRUE,FALSE,62,62,1,0,1,1,1,0,1,1,1,1,1,1,1,0,1,1,1,0,1,1,16,553
"45",46,197,327,NA,NA,"base","interview","2020-08-13 08:46:20",9,88,69,59,55,26,30,39,6,94,38,46,88,85,30,47,52,63,5,68,246,6,17,15,12,13,5,3,8,1,20,9,7,19,16,4,11,18,10,2,14,1,41,"frrl823",0,FALSE,FALSE,FALSE,5194,10978,8017,13180,17023,11043,10883,16019,8534,5220,14407,5529,9872,12689,11912,8674,4828,7523,13683,10144,1,TRUE,0,FALSE,0,FALSE,0,FALSE,0,FALSE,0,FALSE,0,FALSE,0,FALSE,0,FALSE,0,FALSE,0,FALSE,0,FALSE,0,FALSE,0,FALSE,0,FALSE,0,FALSE,0,FALSE,0,FALSE,0,FALSE,0,FALSE,2,1,22,32,1,14,6,2,22,6,2,16,4,1,26,13,1,28,8,1,20,4,2,48,5,1,43,6,2,27,4,1,18,4,1,31,12,1,11,5,1,17,72,1,14,7,1,13,7,1,11,6,2,16,9,1,20,7,1,44,6,67,710,NA,"2020-08-13 08:59:19",TRUE,FALSE,62,62,1,1,0,1,1,0,1,1,1,1,1,1,0,1,1,1,1,1,0,1,16,461
"46",47,201,331,NA,NA,"base","interview","2020-08-13 08:59:23",46,17,31,81,25,54,83,19,52,53,51,25,20,69,78,32,80,47,82,80,250,10,4,7,17,1,13,11,2,14,12,9,3,5,15,18,6,8,20,16,19,1,19,"alas 130",0,FALSE,FALSE,FALSE,5194,10978,8015,13180,17023,1043,10883,16019,8534,5222,14407,5531,9871,12689,11912,8674,4828,8073,13683,10144,0,FALSE,0,FALSE,0,FALSE,0,FALSE,0,FALSE,0,FALSE,1,TRUE,0,FALSE,0,FALSE,0,FALSE,0,FALSE,0,FALSE,0,FALSE,0,FALSE,0,FALSE,0,FALSE,0,FALSE,0,FALSE,0,FALSE,0,FALSE,4,1,9,9,1,33,7,1,17,4,1,17,3,1,45,4,1,23,5,1,23,9,1,28,3,2,26,3,1,14,2,1,12,2,1,33,3,1,14,2,2,9,5,1,14,3,1,14,5,1,11,6,1,24,3,2,24,3,1,18,2,70,586,NA,"2020-08-13 09:09:11",TRUE,FALSE,62,62,1,1,1,1,1,0,1,1,1,1,0,1,1,0,1,1,1,1,0,1,16,408
"47",48,202,333,NA,NA,"base","interview","2020-08-13 09:02:14",99,43,40,42,56,94,98,98,33,98,23,21,44,20,58,5,50,56,3,28,252,17,7,10,8,11,16,20,18,3,19,5,9,15,4,13,1,14,12,2,6,2,48,"baer7205",0,FALSE,FALSE,FALSE,5194,10978,8015,13180,17023,10043,10883,16019,8434,5230,14407,5531,9872,12689,11912,8674,4828,7523,13683,10144,0,FALSE,0,FALSE,0,FALSE,0,FALSE,0,FALSE,0,FALSE,0,FALSE,0,FALSE,0,FALSE,0,FALSE,0,FALSE,0,FALSE,0,FALSE,0,FALSE,0,FALSE,0,FALSE,0,FALSE,0,FALSE,0,FALSE,0,FALSE,13,2,7,6,1,19,4,1,41,6,1,32,5,2,36,6,1,24,5,1,24,3,1,29,3,1,30,4,1,23,3,1,24,6,1,26,2,2,19,5,1,22,3,1,21,5,1,24,3,2,18,4,1,19,3,1,25,2,1,29,7,75,686,NA,"2020-08-13 09:13:43",TRUE,FALSE,62,62,1,1,1,1,1,1,1,1,1,0,0,1,1,1,1,1,1,1,0,1,17,492
"48",49,203,334,NA,NA,"base","interview","2020-08-13 09:33:35",98,63,56,7,28,7,77,42,54,8,49,60,39,58,45,51,11,39,95,51,253,18,17,14,2,5,1,19,7,13,4,16,15,6,10,9,11,8,3,20,12,2,29,"goer9105",0,FALSE,FALSE,FALSE,5194,10978,8015,13180,17023,10043,10883,16019,9534,5220,14407,5531,9872,12689,11912,8674,4828,8523,13683,10144,0,FALSE,0,FALSE,0,FALSE,0,FALSE,0,FALSE,0,FALSE,0,FALSE,0,FALSE,0,FALSE,0,FALSE,0,FALSE,0,FALSE,0,FALSE,0,FALSE,0,FALSE,0,FALSE,0,FALSE,0,FALSE,1,TRUE,0,FALSE,49,1,9,12,2,13,7,1,19,6,2,13,6,1,15,10,2,14,4,1,12,9,1,13,5,1,12,3,1,12,4,1,12,12,1,11,5,1,8,3,2,9,6,1,9,6,1,9,6,1,9,3,1,8,5,1,14,10,2,13,3,57,490,NA,"2020-08-13 09:41:45",TRUE,FALSE,62,62,1,1,1,1,1,1,1,1,1,0,1,1,1,1,1,1,1,1,1,1,19,234
"49",50,204,335,NA,NA,"base","interview","2020-08-13 09:37:26",60,48,39,16,53,51,97,73,7,7,35,38,8,51,70,54,7,39,97,74,254,17,9,7,5,15,11,19,16,4,2,6,10,1,13,12,14,8,3,20,18,2,20,"hier0006",0,FALSE,FALSE,FALSE,5194,10978,8015,13180,17023,10043,10883,16019,8534,5220,14407,5531,9872,12689,11912,8674,4828,8523,13683,10144,0,FALSE,0,FALSE,0,FALSE,0,FALSE,0,FALSE,0,FALSE,0,FALSE,0,FALSE,0,FALSE,0,FALSE,0,FALSE,0,FALSE,0,FALSE,0,FALSE,0,FALSE,0,FALSE,0,FALSE,0,FALSE,0,FALSE,0,FALSE,31,1,46,14,1,24,12,1,26,6,1,18,9,2,27,5,1,19,4,1,49,6,1,16,6,1,18,3,2,29,4,1,21,3,1,19,2,2,14,3,1,21,5,1,40,5,1,17,2,2,15,4,1,20,3,2,17,3,1,23,8,73,687,NA,"2020-08-13 09:49:22",TRUE,FALSE,62,62,1,1,1,1,1,1,1,1,1,1,1,1,1,1,1,1,1,1,1,1,20,479
"51",52,208,343,NA,NA,"base","interview","2020-08-13 11:10:47",31,3,50,93,72,4,99,50,49,34,4,99,51,78,20,50,98,5,40,31,262,5,4,14,17,15,2,20,13,10,7,3,18,9,16,11,12,1,19,6,8,1,58,"dier108",0,FALSE,FALSE,FALSE,5194,10978,8015,13180,17023,10043,10883,16019,9534,5220,14407,5531,9872,12689,11912,8674,4828,8523,13683,10144,0,FALSE,0,FALSE,0,FALSE,0,FALSE,0,FALSE,0,FALSE,0,FALSE,0,FALSE,0,FALSE,0,FALSE,0,FALSE,0,FALSE,0,FALSE,0,FALSE,0,FALSE,0,FALSE,0,FALSE,0,FALSE,0,FALSE,0,FALSE,49,1,22,22,1,14,4,1,16,8,1,18,9,2,16,8,1,14,5,1,15,5,1,15,5,1,13,6,1,16,6,2,15,10,1,14,9,2,11,7,1,17,6,1,15,5,1,14,6,1,15,4,2,14,4,2,17,9,1,15,11,89,613,NA,"2020-08-13 11:21:05",TRUE,FALSE,62,62,1,1,1,1,1,1,1,1,1,0,1,1,1,1,1,1,1,1,1,1,19,306
"52",53,214,350,NA,NA,"base","interview","2020-08-13 12:40:44",53,21,6,57,53,50,73,8,12,53,30,52,58,57,79,88,87,34,30,14,269,14,3,5,12,13,16,19,1,4,15,6,10,8,11,18,20,9,17,7,2,2,70,"erto002",0,FALSE,FALSE,FALSE,5194,10978,8915,13180,17023,10043,10883,16019,8534,5220,14407,5531,9872,12689,11912,8674,4828,8523,13683,10144,0,FALSE,0,FALSE,0,FALSE,0,FALSE,0,FALSE,0,FALSE,0,FALSE,0,FALSE,0,FALSE,0,FALSE,0,FALSE,0,FALSE,0,FALSE,0,FALSE,0,FALSE,0,FALSE,0,FALSE,0,FALSE,0,FALSE,0,FALSE,75,1,28,17,1,27,8,1,49,7,1,29,6,1,74,7,1,45,5,1,36,5,1,66,5,1,44,5,1,38,4,1,57,6,2,60,5,1,28,5,1,20,8,1,23,4,1,22,4,1,21,7,1,45,4,1,144,4,1,36,5,110,1025,NA,"2020-08-13 13:01:03",TRUE,FALSE,62,62,1,1,0,1,1,1,1,1,1,1,1,1,1,1,1,1,1,1,1,1,19,892
"53",54,215,351,NA,NA,"base","interview","2020-08-13 12:52:35",42,70,40,18,4,78,76,90,98,60,39,46,48,96,80,20,7,30,35,42,270,3,15,9,2,20,16,12,18,19,13,8,10,4,17,11,1,6,5,14,7,2,35,"veer518",0,FALSE,FALSE,FALSE,5194,1978,8005,13180,1713,10043,10883,1619,8534,5220,1447,5531,9872,12689,11912,8674,4828,8523,13683,10144,1,TRUE,0,FALSE,0,FALSE,0,FALSE,0,FALSE,1,TRUE,0,FALSE,0,FALSE,0,FALSE,0,FALSE,0,FALSE,0,FALSE,0,FALSE,0,FALSE,0,FALSE,0,FALSE,0,FALSE,0,FALSE,1,TRUE,0,FALSE,118,1,41,17,1,20,10,2,34,12,1,26,16,1,51,14,1,62,18,2,50,8,1,34,8,1,34,9,2,24,8,1,48,8,2,46,7,2,31,13,1,20,5,1,29,18,2,32,11,1,21,7,1,31,7,1,47,5,2,27,13,99,1117,NA,"2020-08-13 13:12:03",TRUE,FALSE,62,62,1,0,0,1,0,1,1,0,1,1,1,0,1,1,1,1,1,1,1,1,15,708
"54",55,217,357,NA,NA,"base","interview","2020-08-13 14:26:51",76,5,92,14,66,3,61,38,37,65,4,78,55,61,40,36,12,60,63,27,274,17,5,8,6,15,2,12,13,10,18,1,19,9,4,11,20,16,3,14,7,1,65,"saer502",0,FALSE,FALSE,FALSE,5194,10978,8015,13080,17023,10243,10883,16019,8534,5220,14408,5531,9872,12689,11912,8674,4828,8523,13683,10144,0,FALSE,0,FALSE,1,TRUE,0,FALSE,0,FALSE,0,FALSE,0,FALSE,0,FALSE,0,FALSE,0,FALSE,0,FALSE,0,FALSE,0,FALSE,0,FALSE,0,FALSE,0,FALSE,0,FALSE,0,FALSE,0,FALSE,0,FALSE,24,2,17,11,1,19,4,2,22,20,1,15,5,2,26,6,2,23,6,2,24,6,2,44,6,1,15,5,2,17,6,1,24,4,2,37,5,2,20,7,1,17,5,2,14,6,1,20,6,2,17,13,2,14,8,1,45,4,2,20,9,76,695,NA,"2020-08-13 14:38:56",TRUE,FALSE,62,62,1,1,1,0,1,0,1,1,1,1,1,0,1,1,1,1,1,1,1,1,17,450
"55",56,218,358,NA,NA,"base","interview","2020-08-13 14:57:00",3,16,81,53,46,54,47,55,50,55,51,50,55,51,55,81,80,11,47,15,275,16,7,19,15,1,17,5,13,3,8,20,6,12,10,11,18,2,14,9,4,2,23,"hiis613",0,FALSE,FALSE,FALSE,5195,10978,8015,13180,1600,1043,10883,1500,8434,5230,10333,5531,9872,12689,11912,8674,4828,8555,13683,9323,1,TRUE,1,TRUE,0,FALSE,0,FALSE,0,FALSE,0,FALSE,0,FALSE,0,FALSE,0,FALSE,0,FALSE,0,FALSE,0,FALSE,0,FALSE,0,FALSE,0,FALSE,0,FALSE,0,FALSE,0,FALSE,1,TRUE,1,TRUE,161,2,28,18,2,22,19,2,29,7,1,25,8,2,29,7,1,21,9,1,20,4,1,26,7,1,24,4,1,18,4,2,21,3,1,16,3,2,31,3,1,19,3,1,14,3,1,18,4,2,15,4,1,42,3,2,20,10,1,19,3,102,705,NA,"2020-08-13 15:11:34",TRUE,FALSE,62,62,0,1,1,1,0,0,1,0,0,0,0,0,1,1,1,1,1,1,0,1,11,457
"56",57,219,359,NA,NA,"base","interview","2020-08-13 15:09:22",73,63,63,75,80,34,69,9,45,63,3,94,94,39,94,94,42,42,21,55,276,16,6,10,14,18,9,11,3,2,15,5,19,17,12,20,1,8,7,4,13,1,55,"esed6507",0,FALSE,FALSE,FALSE,5194,10978,8015,13180,17023,10043,10883,17019,8534,5220,14407,5531,9872,12689,11912,8674,4828,8523,13683,10144,1,TRUE,1,TRUE,1,TRUE,1,TRUE,0,FALSE,0,FALSE,0,FALSE,0,FALSE,0,FALSE,0,FALSE,0,FALSE,0,FALSE,0,FALSE,0,FALSE,0,FALSE,0,FALSE,0,FALSE,0,FALSE,0,FALSE,0,FALSE,2,1,14,21,1,11,9,1,12,4,1,9,4,1,18,3,1,14,3,1,10,5,1,17,2,1,9,4,1,11,4,1,17,3,1,14,3,1,7,4,1,8,3,1,12,2,1,9,2,1,8,2,2,14,3,1,13,3,1,11,4,48,396,NA,"2020-08-13 15:16:01",TRUE,FALSE,62,62,1,1,1,1,1,1,1,0,1,1,1,1,1,1,1,1,1,1,1,1,19,238
"57",58,222,363,NA,NA,"base","interview","2020-08-13 15:32:36",33,78,37,51,82,36,41,19,80,17,14,17,23,63,68,9,30,8,86,33,280,7,15,13,18,19,11,17,4,16,5,2,3,6,10,14,1,12,8,20,9,2,55,"Malf512",0,FALSE,FALSE,FALSE,5194,10968,8015,3180,17908,10043,10883,16019,8534,5120,14007,5531,9872,12689,11912,8674,4818,8523,13680,11044,0,FALSE,0,FALSE,0,FALSE,0,FALSE,0,FALSE,0,FALSE,0,FALSE,0,FALSE,0,FALSE,0,FALSE,0,FALSE,0,FALSE,0,FALSE,0,FALSE,0,FALSE,0,FALSE,0,FALSE,0,FALSE,0,FALSE,0,FALSE,8,1,29,9,2,21,11,1,21,7,2,36,12,2,38,6,1,57,7,1,28,11,1,61,6,1,32,9,2,17,8,1,39,8,1,31,7,1,17,9,2,19,11,1,17,8,1,18,10,1,26,6,1,30,6,1,34,5,1,33,4,62,851,NA,"2020-08-13 15:46:57",TRUE,FALSE,62,62,1,0,1,0,0,1,1,1,0,1,0,0,1,1,1,1,1,0,1,0,12,604
"58",59,224,366,NA,NA,"base","interview","2020-08-13 16:05:14",22,13,5,36,66,78,12,84,93,61,76,66,57,19,19,33,82,78,42,30,283,4,8,1,6,18,15,2,20,17,11,19,12,14,3,9,10,16,13,7,5,2,73,"alch708",0,FALSE,FALSE,FALSE,5194,10978,8015,13180,17023,10043,10883,16019,8534,5220,14407,5531,9872,12689,11912,8674,4828,8523,13683,10144,0,FALSE,0,FALSE,0,FALSE,0,FALSE,0,FALSE,0,FALSE,0,FALSE,0,FALSE,0,FALSE,0,FALSE,0,FALSE,0,FALSE,0,FALSE,1,TRUE,1,TRUE,0,FALSE,0,FALSE,0,FALSE,0,FALSE,0,FALSE,40,1,31,10,1,23,8,2,21,3,2,22,5,1,30,4,1,25,5,2,25,6,1,32,8,1,26,4,1,23,6,1,25,5,2,32,7,1,22,10,1,26,25,1,31,9,1,25,6,1,23,5,1,22,7,1,27,5,2,29,6,115,823,NA,"2020-08-13 16:19:18",TRUE,FALSE,62,62,1,1,1,1,1,1,1,1,1,1,1,1,1,1,1,1,1,1,1,1,20,520
"59",60,225,371,NA,NA,"base","interview","2020-08-13 17:23:48",15,56,13,9,13,6,6,7,10,14,9,51,11,16,9,5,6,10,42,7,288,11,9,3,2,18,17,16,6,13,5,7,15,20,1,10,8,4,19,12,14,1,58,"hiwa231",0,FALSE,FALSE,FALSE,5124,10978,8015,13180,17123,10043,10883,16139,8534,5210,14107,5531,9872,12689,11912,8674,4828,8523,13713,10144,1,TRUE,0,FALSE,1,TRUE,1,TRUE,1,TRUE,1,TRUE,1,TRUE,1,TRUE,1,TRUE,1,TRUE,1,TRUE,0,FALSE,1,TRUE,1,TRUE,1,TRUE,1,TRUE,1,TRUE,1,TRUE,0,FALSE,1,TRUE,35,5,26,25,1,28,6,4,19,13,2,13,19,1,25,10,1,15,9,2,32,9,2,33,10,1,18,9,1,12,11,1,13,12,2,21,8,2,10,9,2,15,9,1,16,9,2,13,11,1,13,7,1,13,8,1,13,8,1,35,12,101,740,NA,"2020-08-13 17:36:35",TRUE,FALSE,62,62,0,1,1,1,0,1,1,0,1,1,0,0,1,1,1,1,1,1,1,0,14,383
"60",61,226,372,NA,NA,"base","interview","2020-08-13 17:27:18",23,10,33,20,51,49,42,63,51,13,15,18,9,90,54,58,25,56,5,15,289,18,17,7,1,16,5,12,3,9,2,15,4,10,20,14,13,11,6,19,8,2,60,"esrt008",0,FALSE,FALSE,FALSE,6434,10978,8115,13180,17023,10043,10883,16029,8534,5220,14407,5531,9872,12689,11912,8674,4828,8523,13683,10144,1,TRUE,1,TRUE,0,FALSE,0,FALSE,0,FALSE,0,FALSE,0,FALSE,0,FALSE,0,FALSE,0,FALSE,0,FALSE,0,FALSE,0,FALSE,0,FALSE,0,FALSE,0,FALSE,0,FALSE,1,TRUE,0,FALSE,1,TRUE,20,1,23,32,1,36,11,1,53,4,1,25,4,1,20,13,1,15,4,1,18,4,1,19,6,1,16,3,1,19,4,1,14,3,1,18,6,1,15,3,1,15,5,1,19,3,2,23,2,2,18,5,1,23,13,1,19,3,1,16,6,89,678,NA,"2020-08-13 17:38:49",TRUE,FALSE,62,62,0,1,0,1,1,1,1,0,1,1,1,1,1,1,1,1,1,1,1,1,17,424
"61",62,232,383,NA,NA,"base","interview","2020-08-14 08:22:09",56,51,44,8,14,33,63,35,15,95,98,51,67,12,18,23,84,22,45,71,300,9,12,13,2,8,5,16,7,3,20,19,11,18,1,6,10,4,17,15,14,1,44,"haen614",0,FALSE,FALSE,FALSE,5194,10978,8015,13180,17023,10043,10883,17019,8534,5220,14407,5531,9872,12689,11912,88674,4828,8523,13683,10144,0,FALSE,0,FALSE,0,FALSE,0,FALSE,1,TRUE,0,FALSE,0,FALSE,0,FALSE,0,FALSE,0,FALSE,0,FALSE,0,FALSE,0,FALSE,0,FALSE,0,FALSE,0,FALSE,0,FALSE,0,FALSE,0,FALSE,0,FALSE,9,1,16,12,1,16,6,1,14,7,1,11,5,1,38,14,1,15,3,1,16,10,1,23,4,1,12,4,1,15,7,1,10,4,1,21,3,1,9,4,1,13,5,1,9,5,1,27,11,1,14,4,1,20,3,5,20,5,1,30,7,56,557,NA,"2020-08-14 08:31:30",TRUE,FALSE,62,62,1,1,1,1,1,1,1,0,1,1,1,1,1,1,1,1,0,1,1,1,18,349
"62",63,233,384,NA,NA,"base","interview","2020-08-14 11:38:00",60,57,58,95,3,42,86,63,68,2,21,49,69,85,56,97,82,4,43,48,301,9,8,14,20,4,7,12,11,15,1,3,10,16,5,13,19,2,17,18,6,2,31,"Grut8926",0,FALSE,FALSE,FALSE,5194,10978,8015,14180,17023,10043,10883,15019,8534,5210,14407,5531,9862,12689,11912,8674,4828,8523,13683,10144,1,TRUE,0,FALSE,0,FALSE,0,FALSE,0,FALSE,0,FALSE,0,FALSE,0,FALSE,0,FALSE,0,FALSE,1,TRUE,0,FALSE,0,FALSE,1,TRUE,0,FALSE,0,FALSE,0,FALSE,0,FALSE,1,TRUE,0,FALSE,76,1,16,26,1,15,10,1,20,4,1,13,5,1,18,9,1,18,6,1,18,6,1,14,2,1,17,3,1,17,3,2,11,7,1,11,4,2,11,5,1,15,4,1,9,6,1,11,5,1,11,4,2,9,7,1,15,12,1,14,6,65,571,NA,"2020-08-14 11:47:42",TRUE,FALSE,62,62,1,1,1,0,1,1,1,0,1,1,0,1,1,0,1,1,1,1,1,1,16,283
"63",64,234,385,NA,NA,"base","interview","2020-08-14 12:27:22",80,80,9,73,18,83,76,68,8,65,8,16,71,11,13,66,65,26,33,38,302,18,17,2,13,8,15,11,10,1,9,3,19,20,4,12,14,5,16,6,7,2,62,"duein808",0,FALSE,FALSE,FALSE,6084,10971,7815,13180,17023,10023,10813,16019,8534,5220,15417,5531,9872,12689,11912,8674,4828,8523,13681,10134,0,FALSE,0,FALSE,0,FALSE,0,FALSE,0,FALSE,0,FALSE,0,FALSE,0,FALSE,0,FALSE,0,FALSE,0,FALSE,0,FALSE,0,FALSE,0,FALSE,0,FALSE,0,FALSE,0,FALSE,0,FALSE,0,FALSE,0,FALSE,28,1,32,12,1,56,6,2,21,4,1,48,9,1,42,11,1,39,11,1,29,7,1,41,5,1,29,4,1,31,6,1,27,3,1,59,5,1,16,8,1,37,3,1,22,3,1,19,5,1,23,8,1,41,8,1,35,4,1,32,5,142,959,NA,"2020-08-14 12:43:59",TRUE,FALSE,62,62,0,0,0,1,1,0,0,1,0,1,1,0,1,1,1,1,1,1,1,0,12,679
"64",65,238,389,NA,NA,"base","interview","2020-08-14 12:56:05",82,64,94,42,62,3,10,79,30,15,63,94,94,78,15,65,59,7,53,45,306,17,11,20,8,14,2,1,18,6,5,15,19,4,16,7,13,3,12,10,9,2,27,"Muer202",0,FALSE,FALSE,FALSE,5194,10978,8015,13180,17023,10043,10883,16019,8530,5220,14407,5531,9872,12689,12012,4768,4828,8523,13683,10144,0,FALSE,0,FALSE,0,FALSE,0,FALSE,0,FALSE,0,FALSE,0,FALSE,0,FALSE,0,FALSE,0,FALSE,0,FALSE,0,FALSE,0,FALSE,0,FALSE,0,FALSE,0,FALSE,0,FALSE,0,FALSE,0,FALSE,0,FALSE,7,1,25,9,1,21,14,1,26,11,1,44,10,1,58,7,1,46,8,1,45,7,1,35,7,1,36,8,1,46,17,1,24,9,1,32,18,1,59,826,2,27,9,93,NA,8,1,28,6,1,27,5,1,32,20,1,24,13,1,29,5,88,876,NA,"2020-08-14 13:27:36",TRUE,FALSE,62,62,1,1,1,1,1,1,1,1,1,0,1,1,1,1,1,0,0,1,1,1,17,NA
"65",66,242,394,NA,NA,"base","interview","2020-08-14 16:27:15",28,36,47,6,58,87,56,30,6,5,22,92,7,93,45,64,84,61,82,36,311,18,11,10,2,12,20,14,7,3,6,4,19,1,17,9,5,13,16,15,8,2,58,"enns128",0,FALSE,FALSE,FALSE,5194,10978,8015,13180,17023,10043,10883,16019,8534,5220,14407,5531,9872,12689,11912,8674,4828,8523,13683,10144,1,TRUE,1,TRUE,0,FALSE,0,FALSE,0,FALSE,0,FALSE,0,FALSE,0,FALSE,0,FALSE,0,FALSE,0,FALSE,0,FALSE,0,FALSE,0,FALSE,0,FALSE,0,FALSE,0,FALSE,0,FALSE,0,FALSE,0,FALSE,48,1,17,35,1,16,15,2,23,5,1,14,3,1,38,3,1,22,3,1,30,3,2,19,8,1,13,4,2,13,4,2,14,5,1,13,10,2,14,9,1,15,5,1,13,11,2,31,9,1,14,8,1,13,6,1,15,12,1,19,7,67,662,NA,"2020-08-14 16:38:28",TRUE,FALSE,62,62,1,1,1,1,1,1,1,1,1,1,1,1,1,1,1,1,1,1,1,1,20,366
"66",67,243,395,NA,NA,"base","interview","2020-08-14 18:26:40",9,7,44,29,44,47,93,56,42,9,42,29,32,41,7,13,96,41,94,22,312,2,13,14,8,15,9,19,12,16,1,17,6,7,10,3,5,11,18,20,4,1,59,"d√ºrd6001",0,FALSE,FALSE,FALSE,5194,10978,8015,13180,17073,10043,10883,16019,8534,5220,14407,5531,9872,12689,11912,8674,3832,8523,13683,10144,0,FALSE,0,FALSE,0,FALSE,0,FALSE,0,FALSE,0,FALSE,0,FALSE,0,FALSE,0,FALSE,0,FALSE,0,FALSE,0,FALSE,0,FALSE,0,FALSE,0,FALSE,0,FALSE,0,FALSE,0,FALSE,0,FALSE,0,FALSE,15,1,23,8,2,22,6,1,19,6,2,17,5,1,23,7,1,21,4,2,17,8,1,24,5,1,23,5,1,16,4,1,15,4,1,21,6,1,10,6,1,11,5,1,17,4,1,13,5,1,11,6,1,17,6,1,22,3,1,18,4,79,583,NA,"2020-08-14 18:36:24",TRUE,FALSE,62,62,1,1,1,1,0,1,1,1,1,1,1,1,1,1,1,1,1,0,1,1,18,360
"67",68,245,397,NA,NA,"base","interview","2020-08-14 19:38:25",73,35,54,83,54,49,52,12,89,42,85,62,43,61,44,11,6,10,81,5,314,16,9,15,17,10,11,8,1,19,6,20,13,14,12,7,3,5,4,18,2,1,60,"wier06",0,FALSE,FALSE,FALSE,5184,10978,8005,13180,17023,10043,10883,16019,85034,5220,14408,5531,5872,12689,11912,8674,4828,4923,14683,10144,0,FALSE,0,FALSE,0,FALSE,0,FALSE,0,FALSE,0,FALSE,0,FALSE,0,FALSE,0,FALSE,0,FALSE,0,FALSE,1,TRUE,0,FALSE,0,FALSE,0,FALSE,0,FALSE,0,FALSE,0,FALSE,0,FALSE,0,FALSE,16,1,26,11,1,23,5,1,20,7,1,25,7,1,68,4,1,28,5,1,26,4,1,62,6,1,33,10,1,16,4,1,25,4,1,53,18,1,15,4,1,21,5,1,28,5,1,19,8,1,18,7,1,34,4,1,51,6,1,27,8,114,855,NA,"2020-08-14 19:53:26",TRUE,FALSE,62,62,0,1,0,1,1,1,1,1,1,0,1,0,1,0,1,1,1,1,0,0,13,618
"68",69,246,398,NA,NA,"base","interview","2020-08-14 20:44:13",36,96,54,82,28,60,17,4,85,15,73,20,21,32,39,49,52,50,87,24,315,8,18,14,19,6,12,2,3,20,1,17,4,16,7,9,11,10,13,15,5,2,27,"kang310",0,FALSE,FALSE,FALSE,5194,10978,8015,13180,17023,10043,10883,19019,8534,5220,14407,5531,9872,12689,11912,8674,4828,8423,13683,10144,0,FALSE,0,FALSE,0,FALSE,0,FALSE,0,FALSE,0,FALSE,0,FALSE,0,FALSE,0,FALSE,1,TRUE,1,TRUE,1,TRUE,1,TRUE,0,FALSE,0,FALSE,0,FALSE,0,FALSE,0,FALSE,0,FALSE,0,FALSE,2297,1,15,13,1,18,6,1,21,10,1,17,6,1,18,6,1,18,7,1,13,5,1,19,6,2,14,4,1,22,8,1,22,12,1,17,9,1,11,17,1,12,8,1,16,7,1,15,5,1,12,4,1,14,4,1,17,6,1,17,5,59,564,NA,"2020-08-14 21:31:46",TRUE,FALSE,62,62,1,1,1,1,1,1,1,0,1,1,1,1,1,1,1,1,1,1,0,1,18,328
"69",70,247,400,NA,NA,"base","interview","2020-08-15 08:28:43",52,58,94,98,26,21,24,39,5,55,9,52,31,82,52,56,59,9,18,88,317,8,15,19,5,10,17,7,9,1,11,3,16,6,18,12,13,2,14,4,20,1,45,"heer7511",0,FALSE,FALSE,FALSE,5194,10978,8015,13180,17023,10043,10883,16019,8534,5220,14407,5531,9872,12699,11912,8674,4828,8523,13683,10144,1,TRUE,0,FALSE,0,FALSE,0,FALSE,0,FALSE,0,FALSE,0,FALSE,0,FALSE,0,FALSE,0,FALSE,0,FALSE,0,FALSE,0,FALSE,0,FALSE,0,FALSE,0,FALSE,0,FALSE,0,FALSE,0,FALSE,0,FALSE,27,2,28,20,1,27,11,1,24,6,1,22,3,1,30,5,1,28,7,1,32,5,1,28,6,1,27,4,1,25,4,1,27,5,1,29,5,1,24,3,1,22,5,1,22,5,1,26,4,1,21,5,4,29,4,1,29,4,1,28,4,49,740,NA,"2020-08-15 08:41:07",TRUE,FALSE,62,62,1,1,1,1,1,1,1,1,1,1,1,1,1,1,0,1,1,1,1,1,19,528
"70",71,248,401,NA,NA,"base","interview","2020-08-15 09:02:15",84,84,30,80,67,67,61,9,12,13,7,25,56,47,73,45,77,13,77,8,318,13,20,7,19,17,11,16,3,5,4,8,12,14,9,15,6,2,18,10,1,2,56,"laes513",0,FALSE,FALSE,FALSE,5194,1978,8998,13180,17023,10043,10883,16019,8534,5220,14407,5531,9872,12689,11912,8674,4828,8523,13683,10144,1,TRUE,0,FALSE,0,FALSE,0,FALSE,0,FALSE,0,FALSE,0,FALSE,0,FALSE,0,FALSE,0,FALSE,0,FALSE,0,FALSE,0,FALSE,0,FALSE,0,FALSE,0,FALSE,0,FALSE,0,FALSE,0,FALSE,0,FALSE,41,1,21,14,1,17,8,1,46,6,1,21,4,1,91,6,1,48,7,1,30,8,1,23,3,1,23,3,1,21,4,1,17,3,1,18,7,1,19,4,2,16,11,1,18,3,1,15,7,1,14,3,1,15,4,1,19,3,1,18,3,160,774,NA,"2020-08-15 09:16:18",TRUE,FALSE,62,62,1,0,0,1,1,1,1,1,1,1,1,1,1,1,1,1,1,1,1,1,18,510
"71",72,249,402,NA,NA,"base","interview","2020-08-15 09:14:44",15,93,28,7,27,20,90,10,36,28,42,4,30,40,43,38,41,44,42,92,319,9,20,8,4,3,18,19,1,16,11,7,2,13,14,10,6,12,15,5,17,1,52,"bong829",0,FALSE,FALSE,FALSE,4915,87910,8025,13180,17023,10043,11883,16019,8534,5220,14407,5531,9872,12689,11912,8674,4828,8523,13683,10144,1,TRUE,0,FALSE,0,FALSE,0,FALSE,0,FALSE,0,FALSE,0,FALSE,0,FALSE,0,FALSE,0,FALSE,0,FALSE,0,FALSE,0,FALSE,0,FALSE,0,FALSE,0,FALSE,0,FALSE,0,FALSE,0,FALSE,0,FALSE,20,1,16,14,1,11,3,1,41,4,1,17,3,1,19,3,2,24,4,1,17,3,1,20,3,1,24,7,1,18,4,1,30,6,1,19,3,1,17,3,1,18,7,1,20,4,2,18,4,2,14,5,1,20,4,1,17,3,1,21,2,68,599,NA,"2020-08-15 09:24:46",TRUE,FALSE,62,62,0,0,0,1,1,1,0,1,1,1,1,1,1,1,1,1,1,1,1,1,16,401
"72",73,250,404,NA,NA,"base","interview","2020-08-15 09:43:28",3,9,82,97,77,4,14,33,48,93,49,92,96,44,57,71,95,27,51,14,321,1,3,19,6,12,2,9,8,11,17,14,20,15,7,13,16,5,18,10,4,2,40,"osin914",0,FALSE,FALSE,FALSE,4915,10978,7015,13180,17023,10043,10883,16019,8534,5220,14407,5531,9872,12689,11912,8674,4828,8523,13683,10144,0,FALSE,0,FALSE,0,FALSE,1,TRUE,1,TRUE,0,FALSE,0,FALSE,0,FALSE,0,FALSE,0,FALSE,0,FALSE,0,FALSE,1,TRUE,0,FALSE,0,FALSE,0,FALSE,0,FALSE,0,FALSE,0,FALSE,0,FALSE,23,2,13,8,1,27,3,1,26,4,1,17,16,1,21,10,1,19,3,1,22,8,1,17,3,2,18,4,1,17,4,1,21,4,1,14,4,1,12,8,2,13,5,1,16,7,1,15,9,1,12,7,2,13,5,1,16,8,1,16,7,57,563,NA,"2020-08-15 09:53:04",TRUE,FALSE,62,62,0,1,0,1,1,1,1,1,1,1,1,1,1,1,1,1,1,1,1,1,18,345
"75",76,255,412,NA,NA,"base","interview","2020-08-16 12:12:03",42,96,41,30,70,5,6,78,82,70,52,36,87,94,72,38,73,89,7,62,329,13,20,9,4,8,1,15,6,16,7,12,5,17,19,14,3,18,10,2,11,1,50,"cann6730",0,FALSE,FALSE,FALSE,4194,10978,8015,13180,17023,10043,10883,16019,8534,5220,14407,5531,9872,12689,11912,8674,4828,8523,13683,10144,1,TRUE,0,FALSE,0,FALSE,0,FALSE,0,FALSE,0,FALSE,0,FALSE,0,FALSE,0,FALSE,0,FALSE,0,FALSE,1,TRUE,0,FALSE,0,FALSE,0,FALSE,1,TRUE,0,FALSE,0,FALSE,0,FALSE,0,FALSE,3,1,13,18,1,13,4,1,15,5,1,13,4,1,18,8,1,14,6,1,13,5,1,17,7,2,16,4,1,16,8,1,13,12,1,13,7,1,12,5,1,11,4,1,12,9,1,13,3,2,10,4,1,20,6,1,14,4,2,21,6,59,499,NA,"2020-08-16 12:20:24",TRUE,FALSE,62,62,0,1,1,1,1,1,1,1,1,1,1,1,1,1,1,1,1,1,1,1,19,287
"76",77,258,416,NA,NA,"base","interview","2020-08-17 11:14:33",63,33,17,51,51,93,52,52,34,44,16,14,31,14,38,29,84,45,30,9,333,10,2,19,17,8,20,12,14,6,15,1,18,4,3,11,5,9,16,7,13,2,62,"koech802",0,FALSE,FALSE,FALSE,5194,10978,8015,13180,17023,9943,11883,17239,8534,5220,15007,5532,9872,12689,12912,8674,4738,9523,13783,10144,0,FALSE,1,TRUE,1,TRUE,0,FALSE,0,FALSE,0,FALSE,0,FALSE,0,FALSE,0,FALSE,0,FALSE,0,FALSE,0,FALSE,0,FALSE,0,FALSE,0,FALSE,0,FALSE,0,FALSE,0,FALSE,1,TRUE,1,TRUE,66,1,22,16,2,20,31,2,17,7,2,16,5,1,43,5,1,20,6,1,30,5,1,39,8,1,20,7,1,38,8,1,26,14,2,27,7,2,11,6,1,12,6,2,19,7,1,20,5,1,12,6,1,27,3,2,35,5,2,19,7,147,840,NA,"2020-08-17 11:29:11",TRUE,FALSE,62,62,1,1,1,1,1,0,0,0,1,1,1,0,0,1,1,0,1,0,0,0,11,473
"77",78,263,423,NA,NA,"base","interview","2020-08-17 21:54:08",40,39,87,38,88,38,42,10,9,19,32,54,82,84,48,55,19,41,90,91,340,6,8,16,9,17,5,15,3,1,2,13,11,18,20,10,12,14,7,19,4,2,60,"koer909",0,FALSE,FALSE,FALSE,5194,10978,8015,13180,17023,10043,10883,16019,8534,5220,14407,5531,9872,12689,11912,8674,4828,8523,13683,10144,1,TRUE,1,TRUE,0,FALSE,0,FALSE,0,FALSE,0,FALSE,0,FALSE,0,FALSE,0,FALSE,0,FALSE,0,FALSE,0,FALSE,0,FALSE,0,FALSE,0,FALSE,0,FALSE,0,FALSE,0,FALSE,0,FALSE,0,FALSE,20,1,34,43,1,28,21,2,34,9,1,21,13,1,23,7,1,23,6,1,22,8,1,23,6,1,23,5,1,28,12,1,20,27,1,27,5,2,17,7,2,24,5,1,20,7,1,24,8,1,17,10,1,22,7,1,22,7,1,19,7,112,758,NA,"2020-08-17 22:08:15",TRUE,FALSE,62,62,1,1,1,1,1,1,1,1,1,1,1,1,1,1,1,1,1,1,1,1,20,471
"78",80,265,425,NA,NA,"base","interview","2020-08-18 13:33:37",99,54,28,28,57,99,55,97,26,7,4,2,68,5,29,53,56,48,31,30,342,19,12,4,8,9,20,11,17,10,1,18,2,16,3,6,13,14,15,7,5,2,25,"kani9428",0,FALSE,FALSE,FALSE,5194,10978,8015,13180,17023,10043,10883,16019,8534,5220,14407,5531,9872,12689,11912,8674,4828,8523,13683,10144,0,FALSE,0,FALSE,1,TRUE,0,FALSE,0,FALSE,0,FALSE,0,FALSE,1,TRUE,0,FALSE,0,FALSE,1,TRUE,0,FALSE,0,FALSE,0,FALSE,0,FALSE,1,TRUE,0,FALSE,0,FALSE,1,TRUE,1,TRUE,5,1,31,21,1,28,5,1,51,12,1,21,7,1,19,6,1,19,4,1,20,4,1,31,13,1,24,4,1,47,4,1,25,9,2,29,5,1,21,5,2,44,5,1,19,4,1,29,8,1,19,5,1,17,3,1,30,4,1,39,5,68,762,NA,"2020-08-18 13:46:50",TRUE,FALSE,62,62,1,1,1,1,1,1,1,1,1,1,1,1,1,1,1,1,1,1,1,1,20,563
"79",81,266,426,NA,NA,"base","interview","2020-08-18 15:02:48",29,7,2,25,30,4,22,96,29,8,47,27,88,69,86,15,55,59,8,96,343,12,4,3,7,8,1,6,16,13,14,11,5,20,15,17,2,9,10,19,18,2,50,"merl07",0,FALSE,FALSE,FALSE,5194,10987,8015,13180,17023,10043,10883,16019,8534,5220,14407,5531,9872,12689,11912,8674,4828,8523,13683,10144,1,TRUE,1,TRUE,1,TRUE,1,TRUE,1,TRUE,1,TRUE,1,TRUE,1,TRUE,1,TRUE,1,TRUE,1,TRUE,1,TRUE,1,TRUE,1,TRUE,1,TRUE,1,TRUE,1,TRUE,1,TRUE,1,TRUE,1,TRUE,28,2,14,13,2,21,4,1,21,4,2,16,4,1,54,3,2,23,3,1,11,14,1,27,5,1,17,3,1,10,5,2,16,3,1,19,6,1,8,4,1,17,3,2,10,4,1,14,4,1,12,3,2,20,4,1,46,3,1,14,3,41,578,NA,"2020-08-18 15:12:33",TRUE,FALSE,62,62,1,0,1,1,1,1,1,1,1,1,1,1,1,1,1,1,1,1,1,1,19,390
"80",82,268,429,NA,NA,"base","interview","2020-08-18 15:56:42",64,11,28,50,68,73,76,11,31,39,61,13,80,24,66,78,82,61,40,56,346,17,3,8,9,2,19,12,1,6,10,14,4,18,5,11,16,15,20,7,13,2,21,"wuein9925",0,FALSE,FALSE,FALSE,5194,10978,8015,13180,17023,10043,10883,16019,8534,5220,14407,5531,9872,12698,11912,8674,4828,8523,13683,10144,0,FALSE,0,FALSE,0,FALSE,0,FALSE,0,FALSE,0,FALSE,0,FALSE,0,FALSE,1,TRUE,0,FALSE,0,FALSE,1,TRUE,0,FALSE,0,FALSE,0,FALSE,0,FALSE,0,FALSE,0,FALSE,0,FALSE,0,FALSE,3,1,30,8,1,23,2,1,45,8,1,35,6,1,60,7,2,59,5,1,214,3,2,28,4,1,27,11,2,24,6,1,27,4,1,31,5,1,15,2,2,19,7,1,27,4,2,20,4,1,26,2,1,22,3,1,31,5,1,31,3,80,804,NA,"2020-08-18 16:13:24",TRUE,FALSE,62,62,1,1,1,1,1,1,1,1,1,1,1,1,1,1,0,1,1,1,1,1,19,794
"81",83,272,433,NA,NA,"base","interview","2020-08-19 09:50:07",41,53,53,51,55,67,10,79,27,87,27,42,20,12,91,66,9,35,83,62,350,10,14,13,11,9,16,3,6,7,18,5,12,1,4,19,17,8,2,20,15,2,19,"baan012",0,FALSE,FALSE,FALSE,5194,10978,8115,13180,17023,10043,10783,16019,8534,5220,14407,5531,9872,12689,11912,8674,4828,8523,13883,10144,0,FALSE,0,FALSE,0,FALSE,0,FALSE,0,FALSE,0,FALSE,0,FALSE,1,TRUE,0,FALSE,0,FALSE,0,FALSE,0,FALSE,0,FALSE,0,FALSE,0,FALSE,0,FALSE,0,FALSE,0,FALSE,0,FALSE,1,TRUE,11,1,15,24,1,14,7,2,14,3,1,11,3,1,20,2,2,16,7,1,16,4,1,15,11,1,14,4,1,14,3,2,14,3,1,14,4,1,11,2,1,11,4,1,13,2,1,13,3,1,16,4,2,10,3,1,14,1,2,17,5,53,468,NA,"2020-08-19 09:57:57",TRUE,FALSE,62,62,1,1,0,1,1,1,0,1,1,1,1,1,1,1,1,1,1,1,1,0,17,282
